correlation,contrast,energy,inv_diff_moment
1.30613,1.19094,0.28637,-0.69179
-0.54402,0.39082,-1.06596,2.04818
0.77112,0.47674,-0.09492,2.22997
1.65632,-0.52932,-0.44079,2.74351
0.28348,0.03078,-0.14934,1.06916
1.14674,0.23671,0.26912,1.73452
0.15268,0.10053,-0.04018,1.17721
-0.18524,0.33327,0.11567,1.29904
-0.25316,0.56858,0.30333,0.8174
1.62596,0.09442,0.67836,1.15911
-0.52808,0.61016,0.25961,1.0825
1.38692,0.29878,0.62929,0.75077
0.60234,-0.15824,0.39552,0.66463
-0.56612,4.34567,-0.23439,-2.59458
0.95459,2.34676,0.30689,-1.16297
1.41473,-0.50094,-0.31738,2.63451
1.25964,1.39038,0.67627,-0.49809
0.20436,-0.00904,-0.2674,1.14579
0.41093,0.26252,0.58438,0.55468
0.57618,1.71417,0.09929,0.39762
0.44296,0.6409,0.52222,0.15964
0.97748,0.80387,0.50527,0.7303
0.4565,-0.34504,0.26793,0.85119
-0.00078,2.03973,0.13142,-1.45661
0.28201,-0.35096,-0.2332,1.14913
0.08874,2.587,0.32979,-1.81405
0.94052,0.54237,0.50646,1.22337
0.34606,-0.31077,-0.17135,2.29326
0.48573,1.46151,0.18258,-0.6147
0.38646,-0.09989,0.27953,0.82835
1.32225,-0.53601,-0.64929,2.74873
0.50099,0.65352,0.25455,1.99392
1.12804,0.85296,0.32385,-0.31151
-0.1871,2.66267,0.34556,-1.74027
1.3427,0.74495,0.56029,0.50233
-0.01189,1.70787,0.5365,-1.10586
0.51787,2.1085,0.49397,0.26436
1.21792,0.65332,0.50378,1.07868
-0.10092,0.53882,0.42288,0.35526
0.94213,-0.40162,-0.68646,2.86297
1.20559,-0.5569,-0.76141,2.96576
1.49266,-0.17892,0.06718,2.31801
1.05593,-0.35806,-0.60646,3.01004
0.84686,1.38209,0.59717,0.63416
1.24216,1.06028,0.24622,-0.45144
1.23977,0.14269,0.47493,1.98725
-0.62491,0.53941,0.14154,1.19862
0.61309,1.79221,0.31046,0.56182
0.73835,-0.07289,-0.04257,2.33848
1.06,-0.34978,0.16829,2.57216
1.21935,0.00081,0.40534,1.86636
1.08668,0.18527,0.20667,2.11432
0.89213,0.85572,0.40058,0.97969
0.61149,0.60366,0.37054,1.97724
0.07756,2.44511,0.63286,-1.53086
1.35387,1.18029,0.29678,-0.69559
0.14801,2.00031,0.57129,0.82692
0.98656,1.31273,0.43895,0.67652
0.81818,2.2845,0.2034,-1.06968
0.06721,0.77924,0.61561,-0.10021
0.24093,0.06643,0.14361,0.8093
0.53866,0.45211,0.5127,0.33861
1.36278,1.29046,0.78483,-0.43622
0.9148,0.67639,0.60728,0.72696
-0.21164,0.60228,0.38898,0.78552
-0.19902,0.10387,-0.84826,2.7416
-0.10752,0.20675,-0.2564,1.17197
0.80829,1.37382,0.18198,0.33004
0.81526,0.90183,0.58349,1.41469
0.77575,1.15527,0.45233,0.9378
0.80861,-0.68048,-0.16539,1.31951
-0.41204,0.3918,-0.07767,1.31712
-0.04517,0.09778,-0.18384,1.15292
0.084,0.75914,0.55256,-0.10831
1.27843,0.06051,0.50229,2.06101
0.9103,1.58351,0.25366,0.22391
-0.00895,0.2438,-0.13119,1.04298
0.08924,0.30765,0.06718,0.94208
-0.102,1.08707,-0.40093,3.29415
0.75233,1.17084,0.52252,1.2443
1.70426,-0.57741,-0.46727,2.72971
0.58091,0.09205,-0.52674,2.9791
1.59038,0.48502,0.66647,0.40286
-0.04234,0.31691,-1.40054,3.1252
0.01159,2.18537,0.01514,-1.72504
1.31372,0.91897,0.48088,-0.26059
-0.24824,0.27632,-0.57047,1.44944
0.99254,0.31356,-0.19899,2.14144
-0.51398,3.27458,0.07937,-1.50183
1.54307,-0.1598,0.29351,1.67408
1.21086,1.21518,0.39195,-0.54758
1.14361,0.36736,0.3408,1.7331
-0.11038,1.05692,0.52192,0.38715
-0.1273,1.1192,-0.84201,3.16089
-0.088,-0.14504,-0.14754,1.10485
0.04133,0.7826,0.84937,0.32052
-0.28462,1.03229,0.60728,0.25532
0.53405,-0.69782,-0.58861,1.30571
0.22901,-0.46094,-1.31578,2.61025
-0.09552,0.80447,0.51389,-0.0788
0.52223,-0.59929,-0.46667,1.2305
0.49735,0.58416,0.30779,0.57325
0.64021,0.3451,-0.20198,2.20046
1.4045,1.20019,0.27715,-0.71321
0.62994,1.43529,0.45976,0.97874
-0.35188,0.53724,0.34199,0.43332
0.99344,0.89157,0.4562,1.00777
0.31934,0.39476,0.30719,0.40524
0.58739,0.12754,0.06509,2.49983
0.41931,0.7426,-0.49404,2.37038
1.33235,-0.54192,-0.75486,2.86106
0.70316,0.05757,-0.00301,2.43796
0.82947,2.33908,0.28548,-1.1482
0.06373,1.98966,0.29351,0.42618
0.09014,0.94026,0.40504,0.09304
-0.04922,2.63686,0.38036,-1.77502
0.69916,-0.8058,-0.94104,1.53081
1.03781,0.52759,0.52728,1.07012
0.82112,-0.77133,-0.33433,1.5094
0.01109,2.19521,0.62512,0.87402
-0.00345,1.94532,0.6168,-1.14678
0.22002,0.11413,0.07312,1.09105
-0.56366,0.29681,-0.81376,1.54082
0.58275,-0.30525,0.36281,0.8507
0.51895,-0.62647,-0.51991,1.18292
0.4097,0.3648,0.41188,0.44188
0.63181,0.9444,0.42526,1.75308
1.69593,-0.5983,-0.58772,2.81679
0.9686,-0.33697,0.07551,2.56788
1.30482,1.01495,0.66408,-0.08498
-0.55503,3.19969,0.04161,-1.47184
0.51149,1.40418,0.57456,1.0882
0.60682,1.92897,0.28786,0.4119
0.60826,1.39688,0.5359,1.03015
0.91883,2.1968,0.21381,-0.93309
-0.05106,0.71659,0.79049,0.29625
0.0696,2.69105,0.2944,-2.01061
1.15571,0.43812,0.07728,1.84209
0.65396,0.98932,0.37084,0.97447
0.5814,-0.60301,-0.54252,1.24621
0.41695,0.73255,0.58795,0.16822
0.47127,0.25385,0.41813,0.57848
0.69242,-0.65801,-0.48988,1.33711
0.4063,0.44541,0.03892,2.65213
0.2447,1.29085,0.64536,-0.90454
0.92856,0.35278,-0.34205,2.27282
1.45528,-0.14582,0.04488,2.3023
-0.10021,1.09968,0.49367,0.12158
-0.49645,3.41373,-0.35188,-2.55222
0.71864,2.2707,0.01097,-0.60708
0.8226,0.76544,0.35002,0.153
-0.10709,-0.14129,-0.20435,1.12104
1.74561,-0.10483,0.51092,1.56223
0.46611,0.08358,0.27537,0.74886
-0.02629,1.6235,0.33515,-1.15154
0.10205,2.03854,0.64713,0.76696
0.89121,2.35663,0.2715,-1.1563
0.17885,0.35337,0.51508,0.42951
-0.20376,2.5062,0.01157,-1.99394
0.55788,0.49034,0.31492,2.04341
0.84624,1.05614,0.22659,-0.16875
0.53046,-0.52716,-0.04791,1.24812
1.29743,0.66376,0.80118,0.59038
1.26151,-0.01575,0.38036,2.01867
0.88939,0.52128,-0.09908,1.93393
0.92267,-0.30583,-0.21477,2.62548
0.32994,0.29997,0.55404,0.321
1.57419,0.51281,0.6397,0.32766
-0.50846,0.55458,0.14331,1.01301
0.23061,-0.34486,-0.30309,1.15341
1.41372,0.95641,0.59062,-0.3039
-0.16132,1.05869,-0.45061,3.20705
1.3464,-0.54961,-0.68439,2.80253
-0.1443,0.31751,0.11208,1.27096
0.05759,1.94592,0.45025,-0.76222
0.38551,2.19423,0.55761,0.23343
0.5666,1.53896,0.5365,0.94496
0.23184,0.96253,0.67034,-0.02166
0.17078,0.6078,-0.81673,2.5717
0.90717,2.28489,0.39136,-1.17249
0.85643,1.47886,0.66022,0.51661
1.2889,0.87306,0.88297,0.4633
1.27919,0.71125,0.54006,1.00253
0.76319,-0.11251,0.24087,2.52076
-0.04961,1.51984,0.31344,-1.10966
-0.88651,0.44009,-0.74327,2.279
1.52039,-0.15329,0.12903,2.19475
1.3306,1.22818,0.47166,-0.41669
0.31124,0.42018,0.37411,0.37621
1.41011,-0.52971,-0.5684,2.96482
0.29269,0.41466,0.58557,0.35574
0.37295,2.33218,0.06003,-1.07635
0.34774,-0.40793,-0.30042,1.1615
-0.63721,3.96159,0.06539,-2.48464
0.46758,-0.43808,-1.02849,2.55503
0.77846,0.53173,0.52014,1.81877
-0.7038,2.8032,0.28786,-0.73844
-0.11019,1.87025,0.43567,-0.68084
0.38195,0.6275,-0.56214,2.43556
0.31615,0.28873,0.56148,0.53469
1.3518,0.95485,0.58349,-0.2725
0.83762,0.37328,0.34972,1.1477
-0.27805,2.39998,0.82855,-1.11393
1.31376,0.82575,0.6165,0.73458
1.54487,0.36953,0.78364,0.96446
0.02726,0.86931,0.53025,0.09541
0.22994,0.32342,-1.21139,3.02287
-1.03475,0.53094,-1.20246,1.94297
-0.48373,3.35301,-0.31112,-2.5446
0.92587,1.61366,0.3176,-0.54282
-0.60124,0.26075,-0.84854,1.55082
0.24701,1.34111,0.61769,-0.86885
0.66415,0.50453,-0.28764,2.12194
1.27981,0.92883,0.37381,-0.25346
0.76599,0.0345,0.01037,2.52172
1.31234,1.20532,0.60252,-0.33674
0.39896,2.18595,0.51419,0.28102
0.4779,-0.77427,-1.02343,1.53369
0.61468,-0.30406,0.38273,0.93067
1.2027,0.64623,0.5356,1.08868
0.64439,1.54468,0.60074,0.9459
1.27301,1.32869,0.71017,-0.44049
1.04811,0.16457,0.42735,1.98725
0.78886,1.50133,0.69175,0.52089
0.5098,0.87759,0.31701,1.68408
1.12502,0.59597,0.50973,1.12581
1.73149,-0.69071,-0.58742,2.75158
1.02454,0.49546,0.54482,1.11486
-0.27588,0.27435,-0.50177,1.37568
0.56681,-0.78906,-0.99399,1.52559
-0.22869,1.77112,0.49664,-0.90024
1.24361,0.72052,0.85353,0.74601
-0.22763,0.19493,-0.31351,1.16387
0.93654,0.55518,0.31849,1.26859
1.42359,-0.64282,-0.60823,2.91866
-0.10812,1.00568,-0.34295,3.06238
0.87407,-0.27036,0.45828,0.82359
0.20593,-0.31294,0.13319,1.05584
0.54532,0.09067,-0.58535,2.88772
0.13851,0.4458,-1.15846,3.05714
-0.65577,4.25482,-0.32986,-2.52271
0.85482,1.51768,0.33188,0.41
1.05934,-0.31372,-0.50503,2.9058
1.22282,-0.42527,0.1234,2.56312
1.31579,0.59065,0.56564,0.62369
-1.20837,0.44817,-0.63411,2.54741
-0.61983,4.33918,-0.28794,-2.58697
1.13167,1.46112,0.63761,-0.53521
-0.22064,0.99406,-0.87324,3.03287
0.49735,0.58416,0.30779,0.57325
0.91809,0.10447,-0.34948,2.12479
0.71937,-0.02206,0.71493,0.46425
0.8114,0.89019,0.55404,1.51464
-0.15003,2.47821,0.295,-1.71743
1.31533,-0.46941,-0.51396,2.74731
0.53719,0.8021,0.66318,-0.38624
-0.32313,3.13959,0.27686,-1.33239
0.34557,-0.36871,-0.26057,1.11677
0.01928,1.74175,0.44846,-1.22675
0.62383,1.47787,0.34199,-0.46333
0.15649,1.45974,0.56802,-0.93309
-0.18568,0.62494,0.50884,0.32005
-0.41996,0.29051,-0.41195,1.17482
0.10148,0.37426,0.38244,-0.03073
1.19918,-0.0388,0.32682,1.85065
0.11866,-0.14798,-0.02383,1.05821
0.58886,0.68464,0.3289,1.78496
0.25874,1.26364,0.6394,-0.23441
-0.47511,4.01695,0.11537,-2.53508
1.25122,-0.11192,0.14688,2.08433
1.20688,1.32416,0.49307,-0.49096
-0.84152,0.43516,-1.32977,2.07435
1.61573,-0.59119,-0.5333,2.94626
0.54566,0.69412,-0.27068,2.11812
0.53157,1.33559,0.16889,0.63178
-0.21075,0.56562,-1.55609,3.21563
0.52552,0.13876,0.502,0.56039
1.16909,0.10507,0.46125,2.03865
0.48616,0.88311,0.36638,1.46181
0.23905,0.31159,0.46363,0.33433
1.34454,0.57685,0.50081,1.23432
-0.36933,2.78624,0.63583,-1.47945
0.28603,1.20118,0.42199,-0.77841
0.35966,0.38806,0.53977,-0.09687
0.4499,0.47181,-0.46131,2.21999
0.44762,0.72623,0.72209,-0.36243
0.48413,2.27031,0.56921,0.20344
0.48315,0.66178,0.61382,0.18155
0.38096,-0.44378,-0.99726,2.78397
0.46396,0.89748,0.7423,-0.6285
1.63045,-0.25479,0.28875,1.62173
0.22204,-0.43373,-0.38488,1.18768
-0.00469,0.88053,-0.80274,3.14281
-0.30928,3.02963,0.39076,-1.22578
0.22902,-0.46094,-1.31578,2.61025
0.67772,-0.63751,-0.47946,1.30999
1.73993,-0.14405,0.39701,1.69312
0.49973,0.40264,0.49069,0.37716
1.35213,-0.49443,-0.55202,2.75349
1.52246,-0.5845,-0.58535,2.71304
1.16192,0.45762,0.39463,1.19623
1.67592,-0.60499,-0.51485,2.79443
0.36257,-0.44201,-1.15637,2.53076
0.78603,1.07132,0.43002,1.16578
-0.13453,0.79916,0.31106,0.30958
0.86581,-0.39983,-0.02056,2.54028
0.40841,0.31514,-0.04167,2.54741
0.57213,-0.00076,0.49307,0.4495
0.54124,0.69568,0.28072,0.40429
1.35748,-0.48537,-0.55145,2.92293
1.01865,1.87163,0.41069,-0.6975
-0.05097,2.55666,0.3863,-1.74455
1.36344,-0.03052,0.21202,2.07911
1.20725,0.81078,0.71792,0.66558
0.80072,1.07801,0.43538,1.07916
-0.12238,0.24971,0.1231,1.25336
-0.29681,0.95917,0.58854,0.28768
-0.15253,0.20636,0.06955,0.78456
0.16155,-0.18483,0.11654,0.91591
1.33757,0.61489,0.68193,0.4633
1.30314,-0.14936,0.18377,1.88253
-0.18614,1.30583,0.58884,0.16728
-0.10382,2.13353,0.55107,-1.20722
1.47168,-0.56025,-0.60764,2.75112
0.87016,1.01929,0.51895,0.83881
-0.05343,-0.03586,-0.48511,1.2581
1.0347,1.37402,0.44906,-0.55614
-0.09952,0.42806,-1.38062,3.16138
-0.60241,4.01086,0.02346,-2.56553
0.79753,0.11926,0.09127,2.42225
1.36935,-0.28515,0.27269,2.41606
-0.7782,0.42018,-0.62461,2.25996
1.62339,0.43792,0.673,0.44188
-0.06734,0.26233,0.11923,0.70364
0.38305,0.32125,0.39642,0.54897
0.65465,-0.54666,-0.03572,1.26001
-0.6218,4.391,-0.33046,-2.64645
0.52401,0.15769,-0.51366,2.76159
0.85438,0.46984,-0.06219,1.79973
0.07933,0.89631,0.50675,0.08064
1.31696,0.75994,0.61769,0.98539
0.28588,0.51714,0.07551,2.09528
-0.27223,2.43032,-0.07617,-1.96491
-0.40673,0.4529,-0.15141,0.84596
-0.03977,0.69688,0.32474,0.45759
0.30636,2.03973,0.3173,0.09541
0.67491,1.62272,0.30987,0.72887
0.54124,0.69568,0.28072,0.4043
-0.34389,0.45152,-0.14041,0.82453
0.67289,1.6647,0.27894,0.6018
0.12186,0.9111,-0.87887,2.75683
0.86016,2.39092,0.08117,-0.76652
0.03312,0.01205,-0.40986,1.18243
-0.59915,3.16207,0.07551,-1.36714
0.4534,0.29228,0.41129,0.57134
1.5566,-0.17478,0.11507,2.33087
1.52437,-0.26878,0.07135,2.27567
1.0669,0.22744,0.52133,2.00105
0.07937,1.33598,0.53679,-0.01835
1.31082,-0.5313,-0.61716,2.76729
0.27918,0.0822,0.15134,0.736
-0.0885,0.1693,0.21172,0.43855
-0.01743,0.02721,-0.01283,2.22378
0.03827,2.28744,0.54988,0.59609
0.54812,-0.0989,0.4324,0.63987
1.0359,0.27474,0.50616,2.0315
-0.41828,2.83038,0.29738,-1.09395
1.0129,0.42511,0.04754,1.74214
-0.56173,0.44639,-0.86551,1.85208
1.2185,0.25503,0.30213,1.97915
1.49362,0.34785,0.69472,0.88736
0.62672,0.84153,0.33515,1.7569
0.68165,-0.06304,0.20221,2.33848
-0.49169,0.35554,-0.07647,1.34663
-1.04737,0.41328,-1.15041,2.5455
1.22323,0.22173,0.52014,1.95298
0.04734,0.99563,-0.26533,2.90389
-0.26017,2.65636,0.2715,-1.76835
0.43715,0.18409,0.50854,0.49995
0.04483,1.74451,0.48266,-1.10966
0.18615,1.6986,0.64743,-1.06586
1.33292,-0.49542,-0.52674,2.74397
1.19412,-0.17024,0.2031,1.65313
0.63175,0.91917,0.38125,1.70168
0.26976,0.83483,0.54839,-0.51046
-0.06746,1.0181,-0.70251,2.89913
1.60674,0.12163,0.64297,1.21767
1.51577,0.34943,0.76728,0.92352
0.02576,0.77432,0.57367,-0.0707
-0.07783,0.85827,0.72119,0.39715
1.23407,0.64504,0.73218,0.74173
-0.20787,0.55182,0.42407,0.38763
0.8991,0.513,-0.10115,1.99201
1.31802,1.07309,0.41456,-0.45763
0.78835,0.20852,-0.40809,2.21808
0.60446,-0.42506,0.0889,1.211
1.4856,1.21261,0.74973,-0.36958
1.28669,-0.52065,-0.63947,2.74351
0.14996,0.09778,0.09246,0.83453
0.34133,-0.26878,0.25782,0.97969
0.97412,0.45605,0.39701,1.09202
1.02451,0.57784,0.06748,1.7112
0.96228,1.10718,0.57486,0.78313
0.36257,-0.44201,-1.15637,2.53076
-0.76737,0.3985,-1.08974,1.93918
0.46967,-0.74906,-1.05883,1.56223
0.88373,1.60874,0.34258,0.18155
0.05976,1.73406,0.61085,-1.08015
-0.01743,0.02721,-0.01283,2.22378
-0.48592,0.34056,-0.09223,1.33902
0.63608,-0.50292,0.01633,1.1972
1.56426,-0.26563,0.11537,2.38749
1.5879,-0.37009,0.0541,2.378
0.04816,0.24617,0.21708,0.65463
1.54273,0.58789,0.68818,0.56848
1.56987,0.52601,0.66438,0.28816
0.83927,0.35515,-0.27158,2.19855
0.64311,0.02544,-0.06875,2.35467
-0.61992,0.3382,-1.14834,2.10528
0.04198,2.57301,0.42883,-1.79404
-0.15589,0.621,-1.34761,3.33795
-0.27508,0.53113,0.3176,0.94924
0.12425,0.28913,0.36162,0.01497
1.36547,-0.15962,0.13172,2.08339
1.53357,0.40993,0.78722,0.77788
1.31303,-0.05359,0.39493,1.79688
0.67583,0.76664,0.5701,1.88207
0.32975,-0.37324,-0.32214,1.14437
-1.06768,0.41525,-1.16589,2.60215
0.47891,0.33761,0.13796,2.05054
-0.20293,3.32385,-0.02889,-2.53699
0.29312,-0.00648,-0.11008,1.06964
-0.41335,0.94951,0.30481,0.51566
1.32986,0.67894,0.79852,0.61798
-0.37391,0.23316,-0.70936,1.5275
0.36018,0.8435,-0.48362,2.25757
0.58419,1.08077,0.39433,1.10676
-0.41342,3.44092,-0.18057,-2.56411
1.22866,0.70693,0.79079,0.71079
0.9051,2.26911,0.33098,-1.0083
1.06083,0.24084,0.27507,1.87015
0.87968,1.37993,0.61799,0.69603
0.02643,2.22537,0.63256,-1.23531
1.31413,0.40461,0.69322,0.83644
0.01865,0.18152,0.28786,0.40762
-0.23188,1.77919,0.51568,-0.90406
1.38653,0.56326,0.6278,0.68556
1.10021,-0.10304,0.25693,1.7469
-1.1399,0.56602,-1.3354,2.01722
0.03639,1.48122,0.44906,-1.04921
0.24424,1.75338,0.55345,-1.14441
0.01753,-0.11507,-0.09549,1.17102
0.07818,-0.04315,-0.38102,1.16721
0.01295,1.61564,0.47791,-0.97545
0.71827,-0.67141,-0.1877,1.36043
1.3427,0.93454,0.64743,-0.15541
1.25334,0.53862,0.48772,1.39946
1.07629,0.9367,0.83925,0.57277
0.94277,1.13517,0.39017,-0.19444
0.75677,-0.29343,0.38184,0.86071
0.05184,2.27502,0.16146,-1.86258
1.27112,0.63046,0.64177,0.59276
1.01122,-0.44693,0.10941,2.25186
0.616,-0.22188,-0.03512,2.19855
0.52948,1.12058,0.18347,-0.34056
0.38081,0.19118,0.54304,0.14538
1.32354,0.58474,0.6403,0.64844
0.08959,2.14379,0.59033,0.77027
0.54124,0.69568,0.28072,0.4043
0.21882,0.42235,0.35686,0.41904
0.76682,-0.72029,-0.45211,1.2843
0.3829,2.2569,0.40355,0.04685
1.18439,1.2595,0.14718,-0.78269
-0.06523,0.17876,0.21916,0.44902
-0.36724,4.5333,-0.05743,-2.75781
-0.19458,0.82299,0.63375,0.4514
1.72912,-0.10975,0.42735,1.62458
-0.57744,0.58769,0.18049,1.17864
-0.17995,1.79281,0.4208,-0.92168
0.07484,0.81078,-0.76854,2.50792
1.26838,1.18227,0.40861,-0.48332
0.20344,0.91621,0.52668,-0.62183
0.21142,-0.13577,0.15937,0.855
0.87117,2.28036,0.35478,-1.16867
1.47948,-0.03682,0.32385,2.16573
1.39339,0.90163,0.62721,-0.20014
0.00561,-0.17243,-0.10382,1.04013
1.06946,-0.32713,-0.30519,2.71018
-0.12408,2.53359,0.2263,-1.73599
0.42196,-0.06244,-0.31468,2.03198
-0.41646,0.5739,0.33336,0.46283
1.46832,-0.07841,0.45441,1.70407
-0.35953,1.01554,0.53352,0.29387
1.37662,0.63105,0.63375,0.46235
0.48572,1.46151,0.18258,-0.6147
1.08848,0.71953,0.40147,0.92734
0.35309,-0.15803,0.22481,0.85546
-0.07213,1.93232,0.33247,-1.22436
1.5201,0.78653,0.68312,0.59466
1.5132,-0.04924,0.3295,2.01676
0.43688,-0.61072,-0.59604,1.26905
1.40047,-0.22995,0.08027,2.29756
0.44547,0.02307,0.54691,0.43713
0.41397,0.73175,-0.50236,2.40939
1.37432,1.0043,0.46006,-0.3415
-0.57576,1.13202,0.19923,2.37038
0.42521,-0.26622,0.26704,0.98302
0.62788,2.06377,0.25455,0.27864
0.18938,1.55671,0.48564,-1.13394
0.31581,0.42393,0.38957,0.3743
0.61609,0.08397,-0.51752,2.83583
-0.01674,2.19857,0.18525,-1.79881
0.20912,0.36362,0.53828,0.40238
0.00614,1.12176,-0.71649,3.15756
0.85795,2.37121,-0.01936,-0.68797
-0.13733,0.66928,0.44697,0.07875
-1.20968,0.46965,-0.66714,2.526
0.67386,0.8559,0.31017,1.23766
0.31603,-0.27096,-0.20852,1.12247
0.07356,0.97021,0.5246,0.04876
1.16203,1.25833,0.34139,-0.58852
0.23337,-0.38132,-0.37835,1.20575
0.62524,0.02289,0.02822,2.45367
0.36257,-0.44201,-1.15637,2.53076
0.78734,0.73117,0.32622,1.22622
1.76199,-0.24651,0.27002,1.77641
-0.16693,0.75224,0.68759,0.35765
-0.00506,1.95144,0.67866,-1.15724
1.15527,1.62449,0.50497,-0.44289
1.58597,0.55458,0.66735,0.2953
1.60628,0.45132,0.68133,0.4852
1.14717,-0.25776,0.23016,2.40845
0.88072,0.9105,0.39076,0.8769
-0.2861,0.56779,0.39731,0.39572
0.74529,1.37106,0.54601,0.39048
0.61794,-0.6247,-0.4402,1.18528
0.08167,0.50571,-1.19949,3.14233
-0.15474,2.44826,0.20994,-1.66936
0.03018,2.50581,0.69472,-1.54466
0.54188,0.20084,-0.02056,2.52457
-0.20157,0.72388,0.44787,0.04067
0.60968,0.06702,-0.51189,2.76587
0.29665,-0.01219,-0.24182,1.11392
-0.4767,0.32165,-0.47798,1.22004
-0.4479,3.39579,-0.20732,-2.57363
0.67855,-0.06994,0.22451,2.51602
1.28462,0.89394,0.64563,0.59752
0.42438,-0.40574,-0.20495,1.08392
-0.25746,3.13131,0.21618,-1.35095
0.35628,-0.29539,-0.22903,1.15532
0.8738,1.59926,0.65755,0.35193
0.52948,1.12058,0.18347,-0.34056
1.4761,1.02578,0.68876,-0.282
0.32656,-0.0319,-0.35664,2.31659
0.48572,1.46151,0.18258,-0.6147
1.00059,0.55123,0.31641,1.21813
1.2064,1.22482,0.44549,-0.61327
0.19905,0.68149,-0.79205,2.70733
1.18227,1.79554,0.45203,-0.58043
0.96009,-0.73742,-0.2567,1.458
0.47919,0.00653,0.52252,0.44998
-0.29838,1.0319,0.35537,0.54992
0.30083,0.86772,0.58289,-0.59041
-0.17296,1.18285,0.41039,0.232
-1.10278,0.60661,-1.32291,1.97439
0.52687,-0.04549,0.54274,0.51994
0.41575,-0.60952,-0.57107,1.19195
-0.72763,0.60031,0.06599,1.23147
1.06603,-0.45503,-0.35753,2.48221
0.90034,0.9982,0.39582,-0.05927
0.92971,1.49916,0.34615,0.40238
1.41846,1.18423,0.40326,-0.71226
0.99836,0.8358,0.50259,1.01301
1.43463,0.6472,0.63286,0.98445
0.5518,-0.67733,-0.6008,1.30571
1.21466,0.46216,0.37203,1.1377
1.11454,1.59002,0.60014,-0.35625
-0.31273,4.01578,0.25782,-2.5884
-0.25677,1.00903,0.72685,0.27102
-1.01607,0.4121,-0.44169,2.40654
-0.30594,2.88025,0.17604,-1.16343
1.2691,-0.48774,-0.3602,2.61595
-0.59434,0.54158,-0.84736,1.80592
0.3557,0.90006,-0.59724,2.55408
-0.3674,0.99248,0.57516,0.24723
-0.4114,3.83426,0.30184,-2.46321
-0.45257,4.45644,-0.22873,-2.68548
0.70898,0.87246,0.36638,1.00253
1.25139,0.01539,0.35537,1.71787
-0.94281,0.53783,-0.26057,2.17143
-0.46867,4.31041,-0.1202,-2.59267
-0.28,2.61262,0.24206,-1.69602
-0.21291,2.1428,0.54572,-1.16012
0.99892,-0.416,0.09812,2.54171
0.60949,0.7956,0.37143,1.68979
0.67029,1.19152,0.60401,1.32188
1.08236,0.38431,0.27507,1.80067
1.1218,-0.25716,0.18763,2.41845
0.18802,0.80802,-0.70847,2.57455
1.67371,0.41959,0.85353,0.76599
1.24465,0.78437,0.58854,0.59704
1.28961,0.97435,0.52966,-0.30486
-0.31142,1.01318,0.39523,0.50709
1.69993,-0.69407,-0.59128,2.77921
1.20734,1.39629,0.76461,-0.52665
1.43769,0.63026,0.60103,0.93686
-0.1187,1.7049,0.62096,-0.79221
0.85523,0.40461,-0.10948,2.28804
-0.14161,1.08767,-0.92142,3.30938
-0.40326,0.56109,0.34199,0.47996
-0.33147,0.48423,0.21202,1.0525
-0.30268,2.47349,-0.12882,-1.99585
-0.75097,2.99612,0.32028,-0.92453
-0.02967,1.69938,0.52163,-1.00687
0.32714,0.89454,0.62691,-0.61327
-0.45418,2.77974,0.49754,-1.49707
0.24959,0.33071,0.38154,0.00354
-0.27731,0.51359,0.42586,0.48186
0.34213,0.28873,-0.06815,2.49125
1.61561,-0.537,-0.57433,2.83392
1.46062,-0.07427,0.4782,1.14437
0.35293,1.53856,0.44549,0.36907
0.69168,-0.09911,0.22451,2.42892
1.36517,1.06856,0.40593,-0.49523
0.17733,0.20163,0.41069,0.36621
0.17742,0.14173,0.03774,1.09963
1.05881,0.22173,-0.02203,2.09148
0.64653,0.0952,-0.00062,2.65641
0.32487,1.50823,0.76581,-0.86742
1.29283,-0.0601,0.40236,1.83257
-0.72728,0.65449,0.07788,1.16911
0.43835,0.19493,-0.14964,2.4765
0.96028,-0.2883,-0.23915,2.66354
0.41222,-0.60361,-0.60437,1.22908
1.25415,0.60582,0.48058,1.09867
1.36993,0.08239,0.54899,1.17673
-0.50848,0.53586,-0.72572,1.75166
0.49657,0.59065,0.58141,0.22058
0.11578,0.30056,0.0886,0.90165
0.54099,0.77234,-0.33136,2.16476
0.98705,0.40323,0.5133,1.98343
0.47314,-0.34585,-0.7043,2.53028
-0.4859,0.338,-0.46846,1.28761
1.19087,0.90222,0.88983,0.67413
-0.24014,2.49596,0.18406,-1.66936
-0.49096,0.59144,0.23016,1.023
1.22648,-0.34426,0.13379,2.3918
-0.0143,0.4726,0.16326,0.69842
0.12094,1.07051,0.5127,0.07114
1.36158,0.66139,0.83035,0.52327
0.81066,2.29927,-0.06516,-0.69607
1.73027,0.49743,0.72655,0.30815
0.41072,0.82299,0.62096,-0.5114
-0.0129,1.70964,0.455,-1.03923
1.56492,-0.29185,0.01543,2.26757
1.08075,-0.35905,-0.53806,2.90104
1.23759,0.11019,0.45887,2.05006
0.02677,0.73747,0.41575,0.34099
0.67294,1.69287,0.26377,-0.4505
1.39376,0.52167,0.49307,0.98396
0.344,-0.41264,-0.32361,1.14103
0.03795,0.32835,0.2721,0.6613
0.25818,1.28533,0.68223,-0.33198
0.9672,1.77781,0.45947,-0.6423
0.08867,0.08968,-0.0488,1.17339
0.75261,-0.51711,0.08204,1.19862
1.23598,0.57764,0.53977,1.10297
1.23409,1.20099,0.38125,-0.46333
-0.46784,0.26036,-0.83904,1.59222
-0.01219,1.57346,0.2834,-1.14393
0.77874,2.36944,-0.07767,-0.69085
1.45873,1.0175,0.78186,-0.14685
-0.14465,2.55921,0.2599,-1.69126
-0.05152,2.48373,0.433,-1.13537
0.24771,0.92094,-0.6472,2.41654
0.49735,0.58416,0.30779,0.57325
0.93734,-0.33559,0.11121,2.48888
1.65004,-0.46586,-0.36377,2.70876
-1.08693,0.46334,-0.49551,2.42701
0.25112,0.32854,0.51925,0.29482
1.29359,-0.57208,-0.72066,2.71494
0.46712,0.63736,0.20905,2.1681
0.06321,2.22656,0.69265,-1.27339
0.14166,1.08254,0.56207,0.08255
1.65248,0.14467,0.76997,1.1239
0.56064,0.65548,0.31314,1.60174
-0.4401,4.45328,-0.19216,-2.73592
0.28892,0.30509,0.50646,0.35289
0.82897,2.26182,0.31373,-1.0792
-0.03595,0.42058,0.15194,0.77124
0.76549,0.5063,-0.09103,2.37609
0.437,0.05361,-0.15916,1.8535
0.87352,1.46487,0.33753,0.51042
1.02638,0.48837,0.54452,1.13103
-0.12385,0.17995,-0.21447,1.13818
0.02047,-0.09221,-0.03335,1.0506
-0.28444,0.57961,0.3057,0.81882
0.12503,1.51747,0.40236,-1.09443
0.50851,0.16319,0.48385,0.19154
-0.40965,3.26039,0.11507,-1.51802
0.444,0.65707,-0.35841,2.23758
0.99022,1.03643,0.59271,0.92449
0.07774,0.30135,0.02643,0.90307
0.34606,-0.31077,-0.17135,2.29326
0.37151,0.6874,-0.42354,2.1643
1.30346,0.99268,0.45649,-0.28773
0.27295,-0.24948,0.2034,0.98065
0.87444,1.47649,0.73665,0.59942
0.31422,0.33268,0.32712,0.48472
-0.09791,2.47979,0.34467,-1.68459
1.2886,-0.51258,-0.74653,2.92342
1.34026,-0.59239,-0.68022,2.98004
1.75594,-0.14285,0.39582,1.64982
0.02314,2.05215,0.71643,-1.15678
0.37163,0.52463,0.2489,1.7664
-0.62606,2.91394,0.28845,-0.9269
-0.07854,1.69782,0.30154,-1.17629
1.15635,0.2641,0.60996,1.9349
0.61069,0.22961,-0.09549,2.54741
0.74302,2.32884,-0.07498,-0.71226
0.47099,-0.24357,0.2721,0.96352
0.24998,0.83364,-0.58565,2.3918
1.91956,-0.6046,-0.33193,2.6683
-1.1431,0.39574,-0.44675,2.43796
0.64269,-0.13064,0.50824,0.61751
0.24928,1.35785,0.75599,-0.36673
-0.1612,1.99617,0.26169,-1.30336
0.99961,0.26745,0.49872,1.96869
0.04313,1.50685,0.19299,-1.10156
1.74094,-0.19251,0.29797,2.22475
1.36103,-0.14876,0.36489,1.81735
0.14557,2.18123,0.55404,0.70794
0.83122,0.40166,0.4214,1.87446
-0.05656,0.2641,0.13975,1.29476
1.10757,0.8961,0.49069,0.9378
0.58035,-0.32515,0.37649,0.80788
0.19997,0.365,0.42526,-0.0526
0.45389,-0.44675,-0.92915,2.50983
0.50341,0.07648,0.28132,0.72032
0.54759,-0.50528,-0.00034,1.21528
0.0592,1.64105,0.5478,-1.02828
0.71703,0.51694,0.5246,1.81735
0.54812,-0.34642,0.33545,0.85452
1.71663,-0.2075,0.19715,2.20285
1.28453,1.34012,0.62929,-0.48001
-0.51058,4.47576,-0.35365,-2.69452
0.92789,1.39707,0.1228,-0.77271
0.85687,0.43122,0.54363,1.8811
0.58118,0.78101,0.77234,-0.45763
-0.02199,1.52518,0.40504,-1.1049
0.58032,0.91582,0.52133,0.49424
1.25856,-0.52812,-0.59427,2.68401
1.02093,-0.35096,-0.52764,2.87201
0.95551,0.41368,0.00948,2.13288
-0.36172,1.01888,0.32295,0.49186
1.02976,0.31731,0.5133,1.97345
0.63212,0.09697,0.07284,2.34039
-0.43679,0.2505,-0.37209,1.1515
0.70017,0.10329,0.00711,1.42897
0.54124,0.69568,0.28072,0.4043
0.23224,1.90316,0.49307,-1.30288
0.05994,1.73229,0.38541,-1.11681
0.33242,2.17316,0.57635,0.26056
-0.94778,0.56562,-1.12633,1.92062
0.75914,0.43181,0.40385,1.71976
0.4525,0.87306,0.20934,1.90682
-0.16095,1.98297,0.27418,-1.27006
1.09354,0.34785,0.57397,1.98249
0.3888,0.33445,0.37827,0.50042
-0.1803,2.14457,0.57278,-1.17295
1.32768,0.96076,0.60847,-0.21252
0.15836,-0.17045,0.07758,0.94066
-0.03107,0.99544,-0.34355,3.09856
0.99995,-0.27864,0.10911,2.39559
0.19057,-0.12275,0.13499,0.86595
0.79638,-0.63415,-0.14041,1.37756
0.32604,-0.4286,-0.29387,1.07534
1.35753,0.88626,0.56505,-0.23299
0.74366,-0.10345,0.2599,2.43177
-0.67861,3.02924,0.16296,-1.01115
0.32171,2.26182,0.524,0.16917
-0.86075,0.61647,-1.11354,1.86493
0.60157,0.55951,0.19715,2.14429
1.16219,0.16951,0.46393,2.00438
-0.41766,4.4592,-0.16332,-2.73164
-0.45818,0.60168,0.33872,0.98873
0.58517,0.68506,0.26139,1.74881
1.409,0.60228,0.5594,1.17579
1.36804,1.24789,0.66022,-0.38338
0.24556,0.92154,0.5246,-0.6123
-0.09145,0.12811,-0.20228,1.18719
-0.36885,3.41254,-0.21565,-2.57745
0.31348,-0.00076,-0.09759,1.07916
1.27411,1.28986,0.1219,-0.83743
0.42042,0.65628,0.19536,1.95868
1.22507,0.86931,0.90558,0.69508
0.45825,2.18714,0.61918,0.30386
1.25921,1.4091,0.72089,-0.50046
-0.39914,0.4456,0.13202,1.07155
0.8182,1.69464,0.7099,0.23295
0.84942,-0.12788,0.23611,2.45033
0.48898,0.34391,0.4437,0.43855
0.64446,-0.119,0.54661,0.66367
-0.17358,2.43524,0.76165,-1.19057
1.09393,-0.42626,0.09366,2.43271
0.0026,2.76023,0.17901,-2.0663
-0.17972,0.7556,0.48534,0.01783
0.54124,0.69568,0.28072,0.4043
-1.06152,0.65923,-1.11205,1.89302
0.78738,-0.71753,-0.20228,1.38757
1.36692,-0.42113,-0.52884,2.99051
0.62531,0.03393,0.11001,2.3975
-0.70302,0.35416,-1.10283,1.94536
1.15552,0.73234,0.6849,0.50423
-0.44661,0.40185,-0.16719,0.84785
-0.03641,2.51565,0.62631,-1.5875
-0.15628,0.26607,-0.24718,1.04584
1.64248,0.01106,0.65815,1.27381
0.6492,2.31642,0.11121,-1.18438
-0.12457,0.82931,-0.82625,3.05905
0.35471,0.90105,0.69561,-0.00025
1.20985,-0.32338,0.19774,2.43653
0.21787,0.03255,0.36578,0.59514
1.2825,-0.17597,-0.02056,2.24662
1.42055,0.87957,0.68609,0.49234
1.10766,0.94321,0.47969,-0.18634
-0.26845,2.77086,0.67747,-1.49279
1.00379,-0.32023,-0.27901,2.65356
0.32211,0.90735,-0.45032,2.33991
0.62383,1.47787,0.34199,-0.46333
1.62026,0.05184,0.64237,1.32618
1.54533,-0.12887,0.21381,2.15906
0.52914,0.2166,0.63107,0.46949
-0.01847,0.99367,0.4324,0.21487
1.42366,0.87957,0.67034,0.39382
-0.6656,2.93287,0.33307,-0.89263
0.49736,0.58415,0.30779,0.57324
-0.41922,2.73107,0.21945,-0.96402
0.54216,0.02091,-0.60021,2.73542
-0.36239,3.04164,0.27864,-1.25529
0.82872,0.4123,0.50081,1.96393
0.29512,-0.10679,0.25336,0.81788
0.58895,0.14722,0.16682,1.93775
-0.15488,0.73294,0.30452,0.35384
1.31758,0.05481,0.28161,1.98582
-0.18112,2.47998,0.90112,-1.1644
1.57978,0.11788,0.66735,1.16435
1.21052,-0.45344,-0.38072,2.64118
1.29918,0.85257,0.43448,-0.19681
0.46491,-0.36101,0.25693,0.89022
0.55288,-0.52773,-0.06635,1.25573
1.32476,0.92902,0.90738,0.4871
-0.06217,0.22705,0.13083,1.29285
1.29506,-0.4769,-0.56124,2.7454
1.38534,0.77984,0.57456,-0.1616
0.27142,-0.08452,0.23284,0.80645
-0.79534,0.36421,-1.16796,1.93393
0.11454,0.00357,-0.33998,1.16244
0.39896,2.35939,0.58378,0.04115
-0.7138,0.37032,-1.19057,2.03247
0.55806,-0.61897,-0.52111,1.27572
0.48665,-0.62686,-0.51276,1.17148
1.31652,1.1385,0.65992,-0.34675
1.15276,0.32302,-0.17432,2.18999
0.84238,0.98341,0.49664,0.97826
0.15688,1.7932,0.49486,-1.25768
-0.00138,1.70154,0.50794,-1.05018
0.23132,0.40284,0.32861,0.43998
0.655,0.08791,0.03029,2.33469
0.26441,1.45935,0.75033,-0.76937
1.37977,-0.72362,-0.79442,2.58596
0.36079,0.4322,0.6852,0.25294
0.91678,0.53192,0.6055,1.78878
-0.15288,0.57922,-1.35208,3.31368
-0.01511,0.58789,0.73635,0.48139
1.29541,-0.54468,-0.61539,2.6626
0.11231,0.2166,-0.05743,1.0249
0.08811,0.98854,0.5478,-0.03073
1.16251,0.8967,0.55107,0.82025
1.28359,-0.54685,-0.73374,2.80729
0.67024,0.66139,-0.24421,2.23188
0.62002,-0.52281,0.02496,1.17767
0.41164,0.5268,-0.46757,2.3342
1.1434,1.04807,0.3634,-0.37529
0.40418,0.38392,0.69055,0.37002
-0.54287,0.567,0.24444,1.04823
0.34001,-0.22839,0.25901,1.02014
0.87713,-0.28278,0.41069,0.83596
1.59981,-0.04609,0.50378,1.32094
0.18336,1.74963,0.5356,-1.12203
1.4763,1.06223,0.68579,-0.20205
-0.21707,0.29681,-0.42653,1.3119
-0.11033,0.47635,-1.37436,3.19707
0.45849,0.38826,-0.01757,2.58026
-0.35367,1.09121,0.3066,0.40381
0.98178,1.63829,0.37441,0.18107
0.56184,0.08733,-0.49047,2.79919
0.20798,-0.43589,-0.34771,1.15911
1.33108,0.72328,0.78216,0.51566
1.48385,0.42274,0.84907,0.71125
-0.11449,0.71698,0.72655,0.33956
-0.483,0.19768,-0.75842,1.53654
-0.18234,1.81369,0.55999,-0.8912
0.8993,-0.00333,0.13945,1.6046
0.61441,0.88035,0.36548,1.63933
-0.54241,0.29997,-0.48422,1.20624
0.6627,1.78747,0.27596,0.55706
1.00105,1.78669,0.42794,-0.60375
-0.012,1.14285,-0.71442,2.94768
0.2482,-0.41678,-0.31351,1.09011
-0.0141,2.17631,0.25663,-1.57893
0.72193,1.4097,0.59092,1.14913
-0.78713,0.42629,-1.26909,2.07957
0.00545,2.35978,0.48356,-1.07635
0.00104,2.04997,0.41634,0.60656
-0.46522,0.56661,0.15997,0.96828
1.48093,-0.14759,0.12517,2.16715
1.02194,0.86124,0.45292,1.13866
0.00522,1.02539,-0.35454,3.15185
-0.12588,2.35939,-0.02086,-1.87924
1.32218,0.57232,0.48742,1.3119
1.15297,-0.403,0.13053,2.21283
1.4185,1.10973,0.70304,-0.29677
0.72202,0.90084,0.48385,1.38423
0.12551,0.98914,0.52876,0.02116
-0.01299,2.53557,0.38601,-1.68031
1.60085,-0.33775,0.04904,2.30327
-0.04821,1.02047,-0.78846,3.09047
0.49735,0.58416,0.30779,0.57325
-0.30663,2.81127,0.63345,-1.57465
-0.33302,3.08796,0.19239,-1.24911
0.72634,-0.03013,0.28637,2.45224
1.05011,-0.40811,-0.6029,2.93531
1.06598,-0.4286,0.13292,2.51933
-0.24299,2.82153,0.31314,-1.1149
1.10557,1.0049,0.28399,-0.35769
0.61342,0.53843,0.30838,1.92584
-0.00904,1.66766,0.42318,-1.17295
-0.52562,0.59301,0.1561,0.98396
1.00775,0.58533,0.59657,1.21909
0.96218,-0.362,-0.3611,2.56264
-0.25307,0.36658,0.14154,1.30617
1.11546,1.28947,0.22213,-0.60469
0.56264,0.36677,0.46393,0.39953
0.18904,-0.3082,0.10822,1.03015
0.43666,-0.37895,-0.24451,1.15104
0.57965,-0.69368,-0.89316,1.52608
0.22128,0.2976,0.28875,0.55992
1.31917,0.95722,0.52103,-0.1316
0.12165,0.85413,-0.58445,2.91247
0.49798,0.82694,0.26912,1.97678
0.01668,2.2439,0.30541,-1.61177
0.23095,-0.39176,-0.40809,1.19244
1.7756,-0.18582,0.32593,1.82827
1.28011,-0.48399,-0.44942,2.7221
0.62322,0.2576,0.02526,2.57931
1.21254,0.13303,0.32087,1.9487
-0.70674,2.93581,0.22094,-0.94785
0.56224,0.34372,0.02733,2.63166
1.19292,-0.27805,0.27834,2.417
-0.25925,2.34559,-0.0488,-1.90638
1.02369,-0.38152,-0.51159,2.75968
0.99261,0.22094,0.38184,1.08011
0.99657,1.87577,0.31433,-0.72891
0.04543,0.80289,0.61739,-0.08593
0.9609,-0.32101,-0.28198,2.59691
0.32634,-0.39077,-0.23023,1.1101
1.01755,0.34431,0.02643,2.15478
-0.13347,0.85473,0.67123,0.38573
0.09064,0.56897,-1.3262,3.2856
1.09862,0.13048,0.48385,2.06625
0.98109,0.22764,0.20102,1.93156
-0.05773,0.67639,0.49397,0.08588
0.77662,0.72643,0.42883,1.49226
0.82662,0.18488,-0.15736,2.15954
1.40815,1.30247,0.24801,-0.80983
1.17588,0.77354,0.50051,0.61988
0.29711,-0.42803,-0.30309,1.0644
1.54376,0.45782,0.48742,0.47377
-0.59678,2.92597,0.31611,-0.85884
1.47867,-0.6446,-0.55738,2.8325
0.71438,0.46433,0.38244,1.16817
0.40657,0.19374,0.5594,0.17441
1.33681,0.59558,0.57486,1.02539
-0.41559,2.83077,0.37232,-1.10156
0.15256,0.89157,-0.88959,2.87723
1.09299,0.47339,0.14421,1.70311
-0.19902,0.10387,-0.84826,2.7416
1.30332,-0.49385,-0.52884,2.71637
0.16084,0.70474,0.50497,0.33813
0.111,-0.26919,-0.93867,2.77159
0.89139,0.41525,-0.34265,2.3204
1.05476,-0.36436,0.17485,2.49983
-0.22505,2.4855,-0.03958,-2.00728
0.86188,0.54276,0.56267,2.00581
-0.1771,2.00287,0.25633,-1.28338
0.4985,0.33327,0.28013,1.92775
-0.16364,0.09442,-0.24511,1.22528
0.111,-0.26919,-0.93867,2.77159
-0.74692,0.37919,-1.31578,2.13574
0.07004,0.14269,0.29827,0.44284
0.87352,1.13163,0.50854,0.83502
0.74352,-0.52281,0.04278,1.23954
-0.15868,0.75166,0.66735,0.31767
0.3487,0.31337,0.61501,0.26151
1.76383,-0.23784,0.3408,1.76118
0.93058,1.25083,0.26912,-0.62183
0.19475,1.45344,0.72892,-0.76318
1.5704,0.08101,0.60847,1.30617
0.53933,-0.1127,0.40861,0.64034
0.70224,0.3648,-0.09342,2.25805
1.33932,0.64642,0.66438,0.52851
0.96651,0.23592,0.46244,1.8973
-0.21877,0.97099,0.46006,0.5147
0.26205,-0.2674,0.17365,0.9792
-0.82871,0.31356,-0.95116,2.50792
1.27935,1.01929,0.42526,-0.35151
0.11592,1.4619,0.51954,-0.144
-0.01743,0.02721,-0.01283,2.22378
0.39355,-0.63455,-0.5681,1.27048
1.42977,-0.66628,-0.45211,2.68401
0.18938,1.84069,0.06896,0.43094
0.58213,0.67459,0.28608,2.08339
0.01661,1.83851,0.5014,-0.68894
1.31537,-0.44675,-0.58206,2.84536
1.39829,-0.1391,0.18882,2.16191
-0.1504,0.08418,-0.2558,1.2386
0.47182,-0.77468,-1.06,1.55701
0.84684,0.44541,-0.30548,2.17238
